date,day_name,mp_psalm,mp_fl,mp_sl,mp_psalm_text,mp_fl_text,mp_sl_text,ep_psalm,ep_fl,ep_sl,ep_psalm_text,ep_fl_text,ep_sl_text,collect
24 June 2025,Tuesday,Psalm 39,1 Samuel 7:2-17,Acts 6:1-15,"Psalm 39
Prayer for Wisdom and Forgiveness
To the leader: to Jeduthun. A Psalm of David.
1 I said, “I will guard my ways
    that I may not sin with my tongue;
I will keep a muzzle on my mouth
    as long as the wicked are in my presence.”
2 I was silent and still;
    I held my peace to no avail;
my distress grew worse;
3     my heart became hot within me.
While I mused, the fire burned;
    then I spoke with my tongue:

4 “Lord, let me know my end
    and what is the measure of my days;
    let me know how fleeting my life is.
5 You have made my days a few handbreadths,
    and my lifetime is as nothing in your sight.
Surely everyone stands as a mere breath. Selah
6     Surely everyone goes about like a shadow.
Surely for nothing they are in turmoil;
    they heap up and do not know who will gather.

7 “And now, O Lord, what do I wait for?
    My hope is in you.
8 Deliver me from all my transgressions.
    Do not make me the scorn of the fool.
9 I am silent; I do not open my mouth,
    for it is you who have done it.
10 Remove your stroke from me;
    I am worn down by the blows[a] of your hand.

11 “You chastise mortals
    in punishment for sin,
consuming like a moth what is dear to them;
    surely everyone is a mere breath. Selah

12 “Hear my prayer, O Lord,
    and give ear to my cry;
    do not hold your peace at my tears.
For I am your passing guest,
    an alien, like all my forebears.
13 Turn your gaze away from me, that I may smile again,
    before I depart and am no more.”

Footnotes
39.10 Heb hostility","2 From the day that the ark was lodged at Kiriath-jearim, a long time passed, some twenty years, and all the house of Israel lamented[a] after the Lord.

Samuel as Judge
3 Then Samuel said to all the house of Israel, “If you are returning to the Lord with all your heart, then put away the foreign gods and the Astartes from among you. Direct your heart to the Lord and serve him only, and he will deliver you out of the hand of the Philistines.” 4 So Israel put away the Baals and the Astartes, and they served the Lord only.

5 Then Samuel said, “Gather all Israel at Mizpah, and I will pray to the Lord for you.” 6 So they gathered at Mizpah and drew water and poured it out before the Lord. They fasted that day and said, “We have sinned against the Lord.” And Samuel judged the Israelites at Mizpah.

7 When the Philistines heard that the Israelites had gathered at Mizpah, the lords of the Philistines went up against Israel. And when the Israelites heard of it, they were afraid of the Philistines. 8 The Israelites said to Samuel, “Do not cease to cry out to the Lord our God for us, and pray that he may save us from the hand of the Philistines.” 9 So Samuel took a sucking lamb and offered it as a whole burnt offering to the Lord; Samuel cried out to the Lord for Israel, and the Lord answered him. 10 As Samuel was offering up the burnt offering, the Philistines drew near to attack Israel, but the Lord thundered with a mighty voice that day against the Philistines and threw them into confusion, and they were routed before Israel. 11 And the men of Israel went out of Mizpah and pursued the Philistines and struck them down as far as beyond Beth-car.

12 Then Samuel took a stone and set it up between Mizpah and Jeshanah[b] and named it Ebenezer,[c] for he said, “Thus far the Lord has helped us.” 13 So the Philistines were subdued and did not again enter the territory of Israel; the hand of the Lord was against the Philistines all the days of Samuel. 14 The towns that the Philistines had taken from Israel were restored to Israel, from Ekron to Gath, and Israel recovered their territory from the hand of the Philistines. There was peace also between Israel and the Amorites.

15 Samuel judged Israel all the days of his life. 16 He went on a circuit year by year to Bethel, Gilgal, and Mizpah, and he judged Israel in all these places. 17 Then he would come back to Ramah, for his home was there; he administered justice there to Israel and built there an altar to the Lord.

Read full chapter
Footnotes
7.2 Meaning of Heb uncertain
7.12 Gk Syr: Heb Shen
7.12 That is, stone of help","Seven Chosen to Serve
6 Now during those days, when the disciples were increasing in number, the Hellenists complained against the Hebrews because their widows were being neglected in the daily distribution of food. 2 And the twelve called together the whole community of the disciples and said, “It is not right that we should neglect the word of God in order to wait on tables.[a] 3 Therefore, brothers and sisters, select from among yourselves seven men of good standing, full of the Spirit and of wisdom, whom we may appoint to this task, 4 while we, for our part, will devote ourselves to prayer and to serving the word.” 5 What they said pleased the whole community, and they chose Stephen, a man full of faith and the Holy Spirit, together with Philip, Prochorus, Nicanor, Timon, Parmenas, and Nicolaus, a proselyte of Antioch. 6 They had these men stand before the apostles, who prayed and laid their hands on them.

7 The word of God continued to spread; the number of the disciples increased greatly in Jerusalem, and a great many of the priests became obedient to the faith.

The Arrest of Stephen
8 Stephen, full of grace and power, did great wonders and signs among the people. 9 Then some of those who belonged to the synagogue of the Freedmen (as it was called), Cyrenians, Alexandrians, and others of those from Cilicia and Asia, stood up and argued with Stephen. 10 But they could not withstand the wisdom and the Spirit[b] with which he spoke. 11 Then they secretly instigated some men to say, “We have heard him speak blasphemous words against Moses and God.” 12 They stirred up the people as well as the elders and the scribes; then they suddenly confronted him, seized him, and brought him before the council. 13 They set up false witnesses who said, “This man never stops saying things against this holy place and the law, 14 for we have heard him say that this Jesus of Nazareth[c] will destroy this place and will change the customs that Moses handed on to us.” 15 And all who sat in the council looked intently at him, and they saw that his face was like the face of an angel.

Read full chapter
Footnotes
6.2 Or keep accounts
6.10 Or spirit
6.14 Gk the Nazorean",,,,,,,
1 July 2025,Tuesday,"Psalms 59,60",1 Samuel 11:1-15,Acts 8:1-13,"Psalm 59
Prayer for Deliverance from Enemies
To the leader: Do Not Destroy. Of David. A Miktam, when Saul ordered his house to be watched in order to kill him.
1 Deliver me from my enemies, O my God;
    protect me from those who rise up against me.
2 Deliver me from those who work evil;
    from the bloodthirsty, save me.

3 Even now they lie in wait for my life;
    the mighty stir up strife against me.
For no transgression or sin of mine, O Lord,
4     for no fault of mine, they run and make ready.

Rouse yourself, come to my help and see!
5     You, Lord God of hosts, are God of Israel.
Awake to punish all the nations;
    spare none of those who treacherously plot evil. Selah

6 Each evening they come back
    howling like dogs
    and prowling about the city.
7 There they are, bellowing with their mouths,
    with sharp words[a] on their lips,
    for “Who,” they think,[b] “will hear us?”

8 But you laugh at them, O Lord;
    you hold all the nations in derision.
9 O my strength, I will watch for you,
    for you, O God, are my fortress.
10 My God in his steadfast love will meet me;
    my God will let me look in triumph on my enemies.

11 Do not kill them, or my people may forget;
    make them totter by your power and bring them down,
    O Lord, our shield.
12 For the sin of their mouths, the words of their lips,
    let them be trapped in their pride.
For the cursing and lies that they utter,
13     consume them in wrath;
    consume them until they are no more.
Then it will be known to the ends of the earth
    that God rules over Jacob. Selah

14 Each evening they come back
    howling like dogs
    and prowling about the city.
15 They roam about for food
    and growl if they do not get their fill.

16 But I will sing of your might;
    I will sing aloud of your steadfast love in the morning.
For you have been a fortress for me
    and a refuge in the day of my distress.
17 O my strength, I will sing praises to you,
    for you, O God, are my fortress,
    the God who shows me steadfast love.

Psalm 60
Prayer for National Victory after Defeat
To the leader: according to the Lily of the Covenant. A Miktam of David; for instruction; when he struggled with Aram-naharaim and with Aram-zobah, and when Joab on his return killed twelve thousand Edomites in the Valley of Salt.
1 O God, you have rejected us, broken our defenses;
    you have been angry; now restore us!
2 You have caused the land to quake; you have torn it open;
    repair the cracks in it, for it is tottering.
3 You have made your people suffer hard things;
    you have given us wine to drink that made us reel.

4 You have set up a banner for those who fear you,
    to rally to it out of bowshot.[c] Selah
5 Give victory with your right hand and answer us,[d]
    so that those whom you love may be rescued.

6 God has promised in his sanctuary,[e]
    “With exultation I will divide up Shechem
    and portion out the Vale of Succoth.
7 Gilead is mine, and Manasseh is mine;
    Ephraim is my helmet;
    Judah is my scepter.
8 Moab is my washbasin;
    on Edom I hurl my shoe;
    over Philistia I shout in triumph.”

9 Who will bring me to the fortified city?
    Who will lead me to Edom?
10 Have you not rejected us, O God?
    You do not go out, O God, with our armies.
11 O grant us help against the foe,
    for human help is worthless.
12 With God we shall do valiantly;
    it is he who will tread down our foes.","Saul Defeats the Ammonites
11 About a month later,[a] Nahash the Ammonite went up and besieged Jabesh-gilead, and all the men of Jabesh said to Nahash, “Make a treaty with us, and we will serve you.” 2 But Nahash the Ammonite said to them, “On this condition I will make a treaty with you, namely, that I gouge out everyone’s right eye and thus put disgrace upon all Israel.” 3 The elders of Jabesh said to him, “Give us seven days’ respite that we may send messengers through all the territory of Israel. Then, if there is no one to save us, we will give ourselves up to you.” 4 When the messengers came to Gibeah of Saul, they reported the matter in the hearing of the people, and all the people wept aloud.

5 Now Saul was coming from the field behind the oxen, and Saul said, “What is the matter with the people, that they are weeping?” So they told him the message from the inhabitants of Jabesh. 6 And the spirit of God came upon Saul in power when he heard these words, and his anger was greatly kindled. 7 He took a yoke of oxen and cut them in pieces and sent them throughout all the territory of Israel by the messengers, saying, “Whoever does not come out after Saul and Samuel, so shall it be done to his oxen!” Then the dread of the Lord fell upon the people, and they came out as one. 8 When he mustered them at Bezek, those from Israel were three hundred thousand and those from Judah seventy[b] thousand. 9 They said to the messengers who had come, “Thus shall you say to the inhabitants of Jabesh-gilead: Tomorrow, by the time the sun is hot, you shall have deliverance.” When the messengers came and told the inhabitants of Jabesh, they rejoiced. 10 So the inhabitants of Jabesh said, “Tomorrow we will give ourselves up to you, and you may do to us whatever seems good to you.” 11 The next day Saul put the people in three companies. At the morning watch they came into the camp and cut down the Ammonites until the heat of the day, and those who survived were scattered, so that no two of them were left together.

12 The people said to Samuel, “Who is it that said, ‘Shall Saul reign over us?’ Give them to us so that we may put them to death.” 13 But Saul said, “No one shall be put to death this day, for today the Lord has brought deliverance to Israel.”

14 Samuel said to the people, “Come, let us go to Gilgal and there renew the kingship.” 15 So all the people went to Gilgal, and there they made Saul king before the Lord in Gilgal. There they sacrificed offerings of well-being before the Lord, and there Saul and all the Israelites rejoiced greatly.","8 1 And Saul approved of their killing him.

Saul Persecutes the Church
That day a severe persecution began against the church in Jerusalem, and all except the apostles were scattered throughout the countryside of Judea and Samaria. 2 Devout men buried Stephen and made loud lamentation over him. 3 But Saul was ravaging the church by entering house after house; dragging off both men and women, he committed them to prison.

Philip Preaches in Samaria
4 Now those who were scattered went from place to place proclaiming the word. 5 Philip went down to the city[a] of Samaria and proclaimed the Messiah[b] to them. 6 The crowds with one accord listened eagerly to what was said by Philip, hearing and seeing the signs that he did, 7 for unclean spirits, crying with loud shrieks, came out of many who were possessed, and many others who were paralyzed or lame were cured. 8 So there was great joy in that city.

9 Now a certain man named Simon had previously practiced magic in the city and amazed the people of Samaria, saying that he was someone great. 10 All of them, from the least to the greatest, listened to him eagerly, saying, “This man is the power of God that is called Great.” 11 And they listened eagerly to him because for a long time he had amazed them with his magic. 12 But when they believed Philip, who was proclaiming the good news about the kingdom of God and the name of Jesus Christ, they were baptized, both men and women. 13 Even Simon himself believed. After being baptized, he stayed constantly with Philip and was amazed when he saw the signs and great miracles that took place.","Psalms 61,62",Numbers 22:21-38,Luke 22:63-71,"Psalm 61
Assurance of God’s Protection
To the leader: with stringed instruments. Of David.
1 Hear my cry, O God;
    listen to my prayer.
2 From the end of the earth I call to you,
    when my heart is faint.

Lead me to the rock
    that is higher than I,
3 for you are my refuge,
    a strong tower against the enemy.

4 Let me abide in your tent forever,
    find refuge under the shelter of your wings. Selah
5 For you, O God, have heard my vows;
    you have given me the heritage of those who fear your name.

6 Prolong the life of the king;
    may his years endure to all generations!
7 May he be enthroned forever before God;
    appoint steadfast love and faithfulness to watch over him!

8 So I will always sing praises to your name,
    as I pay my vows day after day.

Psalm 62
Song of Trust in God Alone
To the leader: according to Jeduthun. A Psalm of David.
1 For God alone my soul waits in silence;
    from him comes my salvation.
2 He alone is my rock and my salvation,
    my fortress; I shall never be shaken.

3 How long will you assail a person,
    will you batter your victim, all of you,
    as you would a leaning wall, a tottering fence?
4 Their only plan is to bring down a person of prominence.
    They take pleasure in falsehood;
they bless with their mouths,
    but inwardly they curse. Selah

5 For God alone my soul waits in silence,
    for my hope is from him.
6 He alone is my rock and my salvation,
    my fortress; I shall not be shaken.
7 On God rests my deliverance and my honor;
    my mighty rock, my refuge is in God.

8 Trust in him at all times, O people;
    pour out your heart before him;
    God is a refuge for us. Selah

9 Those of low estate are but a breath;
    those of high estate are a delusion;
in the balances they go up;
    they are together lighter than a breath.
10 Put no confidence in extortion,
    and set no vain hopes on robbery;
    if riches increase, do not set your heart on them.

11 Once God has spoken;
    twice have I heard this:
that power belongs to God,
12     and steadfast love belongs to you, O Lord.
For you repay to all
    according to their work.","21 So Balaam got up in the morning, saddled his donkey, and went with the officials of Moab.

Balaam, the Donkey, and the Angel
22 God’s anger was kindled because he was going, and the angel of the Lord took his stand in the road as his adversary. Now he was riding on the donkey, and his two servants were with him. 23 The donkey saw the angel of the Lord standing in the road, with a drawn sword in his hand, so the donkey turned off the road and went into the field, and Balaam struck the donkey, to turn it back onto the road. 24 Then the angel of the Lord stood in a narrow path between the vineyards, with a wall on either side. 25 When the donkey saw the angel of the Lord, it scraped against the wall and scraped Balaam’s foot against the wall, so he struck it again. 26 Then the angel of the Lord went ahead and stood in a narrow place, where there was no way to turn either to the right or to the left. 27 When the donkey saw the angel of the Lord, it lay down under Balaam, and Balaam’s anger was kindled, and he struck the donkey with his staff. 28 Then the Lord opened the mouth of the donkey, and it said to Balaam, “What have I done to you, that you have struck me these three times?” 29 Balaam said to the donkey, “Because you have made a fool of me! I wish I had a sword in my hand! I would kill you right now!” 30 But the donkey said to Balaam, “Am I not your donkey, which you have ridden all your life to this day? Have I been in the habit of treating you this way?” And he said, “No.”

31 Then the Lord opened the eyes of Balaam, and he saw the angel of the Lord standing in the road, with his drawn sword in his hand, and he bowed down, falling on his face. 32 The angel of the Lord said to him, “Why have you struck your donkey these three times? I have come out as an adversary because your way is perverse[a] before me. 33 The donkey saw me and turned away from me these three times. If it had not turned away from me, surely just now I would have killed you and let it live.” 34 Then Balaam said to the angel of the Lord, “I have sinned, for I did not know that you were standing in the road to oppose me. Now therefore, if it is displeasing to you, I will return home.” 35 The angel of the Lord said to Balaam, “Go with the men, but speak only what I tell you to speak.” So Balaam went on with the officials of Balak.

36 When Balak heard that Balaam had come, he went out to meet him at Ir-moab, on the boundary formed by the Arnon, at the farthest point of the boundary. 37 Balak said to Balaam, “Did I not send to summon you? Why did you not come to me? Am I not able to honor you?” 38 Balaam said to Balak, “I have come to you now, but do I have power to say just anything? The word God puts in my mouth, that is what I must say.”","The Mocking and Beating of Jesus
63 Now the men who were holding Jesus[a] began to mock him and beat him; 64 they also blindfolded him and kept asking him, “Prophesy! Who is it who struck you?” 65 They kept heaping many other insults on him.

Jesus before the Council
66 When day came, the assembly of the elders of the people, both chief priests and scribes, gathered together, and they brought him to their council. 67 They said, “If you are the Messiah,[b] tell us.” He replied, “If I tell you, you will not believe, 68 and if I question you, you will not answer.[c] 69 But from now on the Son of Man will be seated at the right hand of the power of God.” 70 All of them asked, “Are you, then, the Son of God?” He said to them, “You say that I am.” 71 Then they said, “What further testimony do we need? We have heard it ourselves from his own lips!”","O God of freedom and love, 
you have set us free in Jesus Christ: 
make us servants of the gospel 
for the sake of your reign of love; 
through Jesus Christ our Lord, 
who lives and reigns with you and the Holy Spirit, 
one God, for ever and ever. 
Amen. 
"
2 July 2025,Wednesday,"Psalms 63,64,65","1 Samuel 12:1-6,16-25",Acts 8:14-25,"Psalm 63
Comfort and Assurance in God’s Presence
A Psalm of David, when he was in the Wilderness of Judah.
1 O God, you are my God; I seek you;
    my soul thirsts for you;
my flesh faints for you,
    as in a dry and weary land where there is no water.
2 So I have looked upon you in the sanctuary,
    beholding your power and glory.
3 Because your steadfast love is better than life,
    my lips will praise you.
4 So I will bless you as long as I live;
    I will lift up my hands and call on your name.

5 My soul is satisfied as with a rich feast,[a]
    and my mouth praises you with joyful lips
6 when I think of you on my bed
    and meditate on you in the watches of the night,
7 for you have been my help,
    and in the shadow of your wings I sing for joy.
8 My soul clings to you;
    your right hand upholds me.

9 But those who seek to destroy my life
    shall go down into the depths of the earth;
10 they shall be given over to the power of the sword;
    they shall be prey for jackals.
11 But the king shall rejoice in God;
    all who swear by him shall exult,
    for the mouths of liars will be stopped.

Psalm 64
Prayer for Protection from Enemies
To the leader. A Psalm of David.
1 Hear my voice, O God, in my complaint;
    preserve my life from the dread enemy.
2 Hide me from the secret plots of the wicked,
    from the scheming of evildoers,
3 who whet their tongues like swords,
    who aim bitter words like arrows,
4 shooting from ambush at the blameless;
    they shoot suddenly and without fear.
5 They hold fast to their evil purpose;
    they talk of laying snares secretly,
thinking, “Who can see us?[b]
6     Who can search out our crimes?[c]
We have thought out a cunningly conceived plot.”
    For the human heart and mind are deep.

7 But God will shoot his arrow at them;
    they will be wounded suddenly.
8 Because of their tongue he will bring them to ruin;[d]
    all who see them will shake with horror.
9 Then everyone will fear;
    they will tell what God has brought about
    and ponder what he has done.

10 Let the righteous rejoice in the Lord
    and take refuge in him.
Let all the upright in heart glory.

Psalm 65
Thanksgiving for Earth’s Bounty
To the leader. A Psalm of David. A Song.
1 Praise is due to you,
    O God, in Zion,
and to you shall vows be performed,
2     O you who answer prayer!
To you all flesh shall come.
3 When deeds of iniquity overwhelm us,
    you forgive our transgressions.
4 Happy are those whom you choose and bring near
    to live in your courts.
We shall be satisfied with the goodness of your house,
    your holy temple.

5 By awesome deeds you answer us with deliverance,
    O God of our salvation;
you are the hope of all the ends of the earth
    and of the farthest seas.
6 By your[e] strength you established the mountains;
    you are girded with might.
7 You silence the roaring of the seas,
    the roaring of their waves,
    the tumult of the peoples.
8 Those who live at earth’s farthest bounds are awed by your signs;
you make the gateways of the morning and the evening shout for joy.

9 You visit the earth and water it;
    you greatly enrich it;
the river of God is full of water;
    you provide the people with grain,
    for so you have prepared it.
10 You water its furrows abundantly,
    settling its ridges,
softening it with showers,
    and blessing its growth.
11 You crown the year with your bounty;
    your wagon tracks overflow with richness.
12 The pastures of the wilderness overflow;
    the hills gird themselves with joy;
13 the meadows clothe themselves with flocks;
    the valleys deck themselves with grain;
    they shout and sing together for joy.","Samuel’s Farewell Address
12 Samuel said to all Israel, “I have listened to you in all that you have said to me and have set a king over you. 2 See, it is the king who leads you now; I am old and gray, but my sons are with you. I have led you from my youth until this day. 3 Here I am; testify against me before the Lord and before his anointed. Whose ox have I taken? Or whose donkey have I taken? Or whom have I defrauded? Whom have I oppressed? Or from whose hand have I taken a bribe to blind my eyes with it? Testify against me,[a] and I will restore it to you.” 4 They said, “You have not defrauded us or oppressed us or taken anything from the hand of anyone.” 5 He said to them, “The Lord is witness against you, and his anointed is witness this day, that you have not found anything in my hand.” And they said, “He is witness.”

6 Samuel said to the people, “The Lord is witness, who[b] appointed Moses and Aaron and brought your ancestors up out of the land of Egypt.","14 Now when the apostles at Jerusalem heard that Samaria had accepted the word of God, they sent Peter and John to them. 15 The two went down and prayed for them that they might receive the Holy Spirit 16 (for as yet the Spirit had not come[a] upon any of them; they had only been baptized in the name of the Lord Jesus). 17 Then Peter and John[b] laid their hands on them, and they received the Holy Spirit. 18 Now when Simon saw that the Spirit was given through the laying on of the apostles’ hands, he offered them money, 19 saying, “Give me also this power so that anyone on whom I lay my hands may receive the Holy Spirit.” 20 But Peter said to him, “May your silver perish with you, because you thought you could obtain God’s gift with money! 21 You have no part or share in this, for your heart is not right before God. 22 Repent therefore of this wickedness of yours, and pray to the Lord that, if possible, the intent of your heart may be forgiven you. 23 For I see that you are in the gall of bitterness and the chains of wickedness.” 24 Simon answered, “Pray for me to the Lord, that nothing of what you[c] have said may happen to me.”

25 Now after Peter and John[d] had testified and spoken the word of the Lord, they returned to Jerusalem, proclaiming the good news to many villages of the Samaritans.","Psalms 66,67",Numbers 22:41-23:12,Luke 23:1-12,"Psalm 66
Praise for God’s Goodness to Israel
To the leader. A Song. A Psalm.
1 Make a joyful noise to God, all the earth;
2     sing the glory of his name;
    give to him glorious praise.
3 Say to God, “How awesome are your deeds!
    Because of your great power, your enemies cringe before you.
4 All the earth worships you;
    they sing praises to you,
    sing praises to your name.” Selah

5 Come and see what God has done:
    he is awesome in his deeds among mortals.
6 He turned the sea into dry land;
    they passed through the river on foot.
There we rejoiced in him,
7     who rules by his might forever,
whose eyes keep watch on the nations—
    let the rebellious not exalt themselves. Selah

8 Bless our God, O peoples;
    let the sound of his praise be heard,
9 who has kept us among the living
    and has not let our feet slip.
10 For you, O God, have tested us;
    you have tried us as silver is tried.
11 You brought us into the net;
    you laid burdens on our backs;
12 you let people ride over our heads;
    we went through fire and through water;
yet you have brought us out to a spacious place.[a]

13 I will come into your house with burnt offerings;
    I will pay you my vows,
14 those that my lips uttered
    and my mouth promised when I was in trouble.
15 I will offer to you burnt offerings of fatted calves,
    with the smoke of the sacrifice of rams;
I will make an offering of bulls and goats. Selah

16 Come and hear, all you who fear God,
    and I will tell what he has done for me.
17 I cried aloud to him,
    and he was extolled with my tongue.
18 If I had cherished iniquity in my heart,
    the Lord would not have listened.
19 But truly God has listened;
    he has heard the words of my prayer.

20 Blessed be God,
    who has not rejected my prayer
    or removed his steadfast love from me.

Psalm 67
The Nations Called to Praise God
To the leader: with stringed instruments. A Psalm. A Song.
1 May God be gracious to us and bless us
    and make his face to shine upon us, Selah
2 that your way may be known upon earth,
    your saving power among all nations.
3 Let the peoples praise you, O God;
    let all the peoples praise you.

4 Let the nations be glad and sing for joy,
    for you judge the peoples with equity
    and guide the nations upon earth. Selah
5 Let the peoples praise you, O God;
    let all the peoples praise you.

6 The earth has yielded its increase;
    God, our God, has blessed us.
7 May God continue to bless us;
    let all the ends of the earth revere him.","Balaam’s First Oracle
41 On the next day Balak took Balaam and brought him up to Bamoth-baal, and from there he could see part of the people of Israel.[a] 23 1 Then Balaam said to Balak, “Build me seven altars here, and prepare seven bulls and seven rams for me.” 2 Balak did as Balaam had said and offered[b] a bull and a ram on each altar. 3 Then Balaam said to Balak, “Stay here beside your burnt offerings while I go aside. Perhaps the Lord will come to meet me. Whatever he shows me I will tell you.” And he went to a bare height.

4 Then God met Balaam, and Balaam[c] said to him, “I have arranged the seven altars and have offered a bull and a ram on each altar.” 5 The Lord put a word in Balaam’s mouth and said, “Return to Balak, and this is what you must say.” 6 So he returned to Balak,[d] who was standing beside his burnt offerings with all the officials of Moab. 7 Then Balaam[e] uttered his oracle, saying,

“Balak has brought me from Aram,
    the king of Moab from the eastern mountains:
‘Come, curse Jacob for me.
    Come, denounce Israel!’
8 How can I curse whom God has not cursed?
    How can I denounce those whom the Lord has not denounced?
9 For from the top of the crags I see him;
    from the hills I behold him.
Here is a people living alone
    and not reckoning itself among the nations!
10 Who can count the dust of Jacob
    or number the dust cloud[f] of Israel?
Let me die the death of the upright,
    and let my end be like his!”

11 Then Balak said to Balaam, “What have you done to me? I brought you to curse my enemies, but now you have done nothing but bless them.” 12 He answered, “Must I not take care to say what the Lord puts into my mouth?”","Jesus before Pilate
23 Then the assembly rose as a body and brought Jesus[a] before Pilate. 2 They began to accuse him, saying, “We found this man inciting our nation, forbidding us to pay taxes to Caesar and saying that he himself is the Messiah, a king.”[b] 3 Then Pilate asked him, “Are you the king of the Jews?” He answered, “You say so.” 4 Then Pilate said to the chief priests and the crowds, “I find no basis for an accusation against this man.” 5 But they were insistent and said, “He stirs up the people by teaching throughout all Judea, from Galilee where he began even to this place.”

Jesus before Herod
6 When Pilate heard this, he asked whether the man was a Galilean. 7 And when he learned that he was under Herod’s jurisdiction, he sent him off to Herod, who was himself in Jerusalem at that time. 8 When Herod saw Jesus, he was very glad, for he had been wanting to see him for a long time because he had heard about him and was hoping to see him perform some sign. 9 He questioned him at some length, but Jesus[c] gave him no answer. 10 The chief priests and the scribes stood by vehemently accusing him. 11 Even Herod with his soldiers treated him with contempt and mocked him; then he put an elegant robe on him and sent him back to Pilate. 12 That same day Herod and Pilate became friends with each other; before this they had been enemies.","O God of freedom and love, 
you have set us free in Jesus Christ: 
make us servants of the gospel 
for the sake of your reign of love; 
through Jesus Christ our Lord, 
who lives and reigns with you and the Holy Spirit, 
one God, for ever and ever. 
Amen. 
"
3 July 2025,Thursday,Psalm 68,1 Samuel 13:5-18,Acts 8:26-40,"Psalm 68
Praise and Thanksgiving
To the leader. Of David. A Psalm. A Song.
1 Let God rise up; let his enemies be scattered;
    let those who hate him flee before him.
2 As smoke is driven away, so drive them away;
    as wax melts before the fire,
    let the wicked perish before God.
3 But let the righteous be joyful;
    let them exult before God;
    let them be jubilant with joy.

4 Sing to God; sing praises to his name;
    lift up a song to him who rides upon the clouds[a]—
his name is the Lord—
    be exultant before him.

5 Father of orphans and protector of widows
    is God in his holy habitation.
6 God gives the desolate a home to live in;
    he leads out the prisoners to prosperity,
    but the rebellious live in a parched land.

7 O God, when you went out before your people,
    when you marched through the wilderness, Selah
8 the earth quaked, the heavens poured down rain
    at the presence of God, the God of Sinai,
    at the presence of God, the God of Israel.
9 Rain in abundance, O God, you showered abroad;
    you restored your heritage when it languished;
10 your flock found a dwelling in it;
    in your goodness, O God, you provided for the needy.

11 The Lord gives the command;
    great is the company of those[b] who bore the tidings:
12     “The kings of the armies, they flee, they flee!”
The women at home divide the spoil,
13     though they stay among the sheepfolds—
the wings of a dove covered with silver,
    its pinions with green gold.
14 When the Almighty[c] scattered kings there,
    snow fell on Zalmon.

15 O mighty mountain, mountain of Bashan;
    O many-peaked mountain, mountain of Bashan!
16 Why do you look with envy, O many-peaked mountain,
    at the mount that God desired for his abode,
    where the Lord will reside forever?

17 With mighty chariotry, twice ten thousand,
    thousands upon thousands,
    the Lord came from Sinai into the holy place.[d]
18 You ascended the high mount,
    leading captives in your train
    and receiving gifts from people,
even from those who rebel against the Lord God’s abiding there.
19 Blessed be the Lord,
    who daily bears us up;
    God is our salvation. Selah
20 Our God is a God of salvation,
    and to God, the Lord, belongs escape from death.

21 But God will shatter the heads of his enemies,
    the hairy crown of those who walk in their guilty ways.
22 The Lord said,
    “I will bring them back from Bashan;
I will bring them back from the depths of the sea,
23 so that you may bathe[e] your feet in blood,
    so that the tongues of your dogs may have their share from the foe.”

24 Your solemn processions are seen,[f] O God,
    the processions of my God, my King, into the sanctuary—
25 the singers in front, the musicians last,
    between them young women playing tambourines:
26 “Bless God in the great congregation,
    the Lord, O you who are of Israel’s fountain!”
27 There is Benjamin, the least of them, in the lead,
    the princes of Judah in a body,
    the princes of Zebulun, the princes of Naphtali.

28 Summon your might, O God;
    show your strength, O God, as you have done for us before.
29 Because of your temple at Jerusalem,
    kings bear gifts to you.
30 Rebuke the wild animals that live among the reeds,
    the herd of bulls with the calves of the peoples.
Trample[g] under foot those who lust after tribute;
    scatter the peoples who delight in war.[h]
31 Let bronze be brought from Egypt;
    let Cush hasten to stretch out its hands to God.

32 Sing to God, O kingdoms of the earth;
    sing praises to the Lord, Selah
33 O rider in the heavens, the ancient heavens;
    listen, he sends out his voice, his mighty voice.
34 Ascribe power to God,
    whose majesty is over Israel
    and whose power is in the skies.
35 Awesome is God in his[i] sanctuary,
    the God of Israel;
    he gives power and strength to his people.

Blessed be God!","5 The Philistines mustered to fight with Israel: thirty thousand chariots, and six thousand horsemen, and troops like the sand on the seashore in multitude; they came up and encamped at Michmash, to the east of Beth-aven. 6 When the Israelites saw that they were in distress (for the troops were hard pressed), the people hid themselves in caves and in holes and in rocks and in tombs and in cisterns. 7 Some Hebrews crossed the Jordan to the land of Gad and Gilead. Saul was still at Gilgal, and all the people followed him trembling.

8 He waited seven days, the time appointed by Samuel, but Samuel did not come to Gilgal, and the people began to slip away from Saul.[a] 9 So Saul said, “Bring the burnt offering here to me and the offerings of well-being.” And he offered the burnt offering. 10 As soon as he had finished offering the burnt offering, Samuel arrived, and Saul went out to meet him and salute him. 11 Samuel said, “What have you done?” Saul replied, “When I saw that the people were slipping away from me and that you did not come within the days appointed and that the Philistines were mustering at Michmash, 12 I said, ‘Now the Philistines will come down upon me at Gilgal, and I have not entreated the favor of the Lord,’ so I forced myself and offered the burnt offering.” 13 Samuel said to Saul, “You have done foolishly; you have not kept the commandment of the Lord your God, which he commanded you. The Lord would have established your kingdom over Israel forever, 14 but now your kingdom will not continue; the Lord has sought out a man after his own heart, and the Lord has appointed him to be ruler over his people because you have not kept what the Lord commanded you.” 15 And Samuel left and went on his way from Gilgal.[b] The rest of the people followed Saul to join the army; they went up from Gilgal toward Gibeah of Benjamin.[c]

Preparations for Battle
Saul counted the people who were present with him, about six hundred men. 16 Saul, his son Jonathan, and the people who were present with them stayed in Geba of Benjamin, but the Philistines encamped at Michmash. 17 And raiders came out of the camp of the Philistines in three companies; one company turned toward Ophrah to the land of Shual, 18 another company turned toward Beth-horon, and another company turned toward the mountain[d] that looks down upon the valley of Zeboim toward the wilderness.","Philip and the Ethiopian Eunuch
26 Then an angel of the Lord said to Philip, “Get up and go toward the south[a] to the road that goes down from Jerusalem to Gaza.” (This is a wilderness road.) 27 So he got up and went. Now there was an Ethiopian eunuch, a court official of the Candace, the queen of the Ethiopians, in charge of her entire treasury. He had come to Jerusalem to worship 28 and was returning home; seated in his chariot, he was reading the prophet Isaiah. 29 Then the Spirit said to Philip, “Go over to this chariot and join it.” 30 So Philip ran up to it and heard him reading the prophet Isaiah. He asked, “Do you understand what you are reading?” 31 He replied, “How can I, unless someone guides me?” And he invited Philip to get in and sit beside him. 32 Now the passage of the scripture that he was reading was this:

“Like a sheep he was led to the slaughter,
    and like a lamb silent before its shearer,
        so he does not open his mouth.
33 In his humiliation justice was denied him.
    Who can describe his generation?
        For his life is taken away from the earth.”

34 The eunuch asked Philip, “About whom, may I ask you, does the prophet say this, about himself or about someone else?” 35 Then Philip began to speak, and starting with this scripture he proclaimed to him the good news about Jesus. 36 As they were going along the road, they came to some water, and the eunuch said, “Look, here is water! What is to prevent me from being baptized?”[b] 38 He commanded the chariot to stop, and both of them, Philip and the eunuch, went down into the water, and Philip[c] baptized him. 39 When they came up out of the water, the Spirit of the Lord snatched Philip away; the eunuch saw him no more and went on his way rejoicing. 40 But Philip found himself at Azotus, and as he was passing through the region he proclaimed the good news to all the towns until he came to Caesarea.",Psalm 69,Numbers 23:11-26,Luke 23:13-25,"Psalm 69
Prayer for Deliverance from Persecution
To the leader: according to Lilies. Of David.
1 Save me, O God,
    for the waters have come up to my neck.
2 I sink in deep mire,
    where there is no foothold;
I have come into deep waters,
    and the flood sweeps over me.
3 I am weary with my crying;
    my throat is parched.
My eyes grow dim
    with waiting for my God.

4 More in number than the hairs of my head
    are those who hate me without cause;
many are those who would destroy me,
    my enemies who accuse me falsely.
What I did not steal,
    must I now restore?
5 O God, you know my folly;
    the wrongs I have done are not hidden from you.

6 Do not let those who hope in you be put to shame because of me,
    O Lord God of hosts;
do not let those who seek you be dishonored because of me,
    O God of Israel.
7 It is for your sake that I have borne reproach,
    that shame has covered my face.
8 I have become a stranger to my kindred,
    an alien to my mother’s children.

9 It is zeal for your house that has consumed me;
    the insults of those who insult you have fallen on me.
10 When I humbled my soul with fasting,[a]
    they insulted me for doing so.
11 When I made sackcloth my clothing,
    I became a byword to them.
12 I am the subject of gossip for those who sit in the gate,
    and the drunkards make songs about me.

13 But as for me, my prayer is to you, O Lord.
    At an acceptable time, O God,
    in the abundance of your steadfast love, answer me.
With your faithful help 14 rescue me
    from sinking in the mire;
let me be delivered from my enemies
    and from the deep waters.
15 Do not let the flood sweep over me
    or the deep swallow me up
    or the Pit close its mouth over me.

16 Answer me, O Lord, for your steadfast love is good;
    according to your abundant mercy, turn to me.
17 Do not hide your face from your servant,
    for I am in distress—make haste to answer me.
18 Draw near to me; redeem me;
    set me free because of my enemies.

19 You know the insults I receive
    and my shame and dishonor;
    my foes are all known to you.
20 Insults have broken my heart,
    so that I am in despair.
I looked for pity, but there was none;
    and for comforters, but I found none.
21 They gave me poison for food,
    and for my thirst they gave me vinegar to drink.

22 Let their table be a trap for them,
    a snare for their allies.
23 Let their eyes be darkened so that they cannot see,
    and make their loins tremble continually.
24 Pour out your indignation upon them,
    and let your burning anger overtake them.
25 May their camp be a desolation;
    let no one live in their tents.
26 For they persecute those whom you have struck down,
    and those whom you have wounded they attack still more.[b]
27 Add guilt to their guilt;
    may they have no acquittal from you.
28 Let them be blotted out of the book of the living;
    let them not be enrolled among the righteous.
29 But I am lowly and in pain;
    let your salvation, O God, protect me.

30 I will praise the name of God with a song;
    I will magnify him with thanksgiving.
31 This will please the Lord more than an ox
    or a bull with horns and hoofs.
32 Let the oppressed see it and be glad;
    you who seek God, let your hearts revive.
33 For the Lord hears the needy
    and does not despise his own who are in bonds.

34 Let heaven and earth praise him,
    the seas and everything that moves in them.
35 For God will save Zion
    and rebuild the cities of Judah,
and his servants shall live[c] there and possess it;
36     the children of his servants shall inherit it,
    and those who love his name shall live in it.","11 Then Balak said to Balaam, “What have you done to me? I brought you to curse my enemies, but now you have done nothing but bless them.” 12 He answered, “Must I not take care to say what the Lord puts into my mouth?”

Balaam’s Second Oracle
13 So Balak said to him, “Come with me to another place from which you may see them; you shall see only part of them and shall not see them all; then curse them for me from there.” 14 So he took him to the field of Zophim, to the top of Pisgah. He built seven altars and offered a bull and a ram on each altar. 15 Balaam[a] said to Balak, “Stand here beside your burnt offerings, while I meet the Lord over there.” 16 The Lord met Balaam, put a word into his mouth, and said, “Return to Balak, and this is what you shall say.” 17 When he came to him, he was standing beside his burnt offerings with the officials of Moab. Balak said to him, “What has the Lord said?” 18 Then Balaam[b] uttered his oracle, saying,

“Rise, Balak, and hear;
    listen to me, O son of Zippor:
19 God is not a human being, that he should lie,
    or a mortal, that he should change his mind.
Has he promised, and will he not do it?
    Has he spoken, and will he not fulfill it?
20 See, I received a command to bless;
    he has blessed, and I cannot revoke it.
21 He has not beheld misfortune in Jacob,
    nor has he seen trouble in Israel.
The Lord their God is with them,
    acclaimed as a king among them.
22 God, who brings them out of Egypt,
    is like the horns of a wild ox for them.
23 Surely there is no enchantment against Jacob,
    no divination against Israel;
now it shall be said of Jacob and Israel,
    ‘See what God has done!’
24 Look, a people rising up like a lioness
    and rousing itself like a lion!
It does not lie down until it has eaten the prey
    and drunk the blood of the slain.”

25 Then Balak said to Balaam, “Do not curse them at all, and do not bless them at all.” 26 But Balaam answered Balak, “Did I not speak to you, saying, ‘Whatever the Lord says, that is what I must do’?”","Jesus Sentenced to Death
13 Pilate then called together the chief priests, the leaders, and the people 14 and said to them, “You brought me this man as one who was inciting the people, and here I have examined him in your presence and have not found this man guilty of any of your charges against him. 15 Neither has Herod, for he sent him back to us. Indeed, he has done nothing to deserve death. 16 I will therefore have him flogged and release him.”[a]

18 Then they all shouted out together, “Away with this fellow! Release Barabbas for us!” 19 (This was a man who had been put in prison for an insurrection that had taken place in the city and for murder.) 20 Pilate, wanting to release Jesus, addressed them again, 21 but they kept shouting, “Crucify, crucify him!” 22 A third time he said to them, “Why, what evil has he done? I have found in him no ground for the sentence of death; I will therefore have him flogged and then release him.” 23 But they kept urgently demanding with loud shouts that he should be crucified, and their voices prevailed. 24 So Pilate gave his verdict that their demand should be granted. 25 He released the man they asked for, the one who had been put in prison for insurrection and murder, and he handed Jesus over as they wished.","O God of freedom and love, 
you have set us free in Jesus Christ: 
make us servants of the gospel 
for the sake of your reign of love; 
through Jesus Christ our Lord, 
who lives and reigns with you and the Holy Spirit, 
one God, for ever and ever. 
Amen. 
"
4 July 2025,Friday,"Psalms 70,71",1 Samuel 13:19-14:15,Acts 9:1-9,"Psalm 70
Prayer for Deliverance from Enemies
To the leader. Of David, for the memorial offering.
1 Be pleased, O God, to deliver me.
    O Lord, make haste to help me!
2 Let those be put to shame and confusion
    who seek my life.
Let those be turned back and brought to dishonor
    who desire to hurt me.
3 Let those who say, “Aha, Aha!”
    turn back because of their shame.

4 Let all who seek you
    rejoice and be glad in you.
Let those who love your salvation
    say evermore, “God is great!”
5 But I am poor and needy;
    hasten to me, O God!
You are my help and my deliverer;
    O Lord, do not delay!

Psalm 71
Prayer for Lifelong Protection and Help
1 In you, O Lord, I take refuge;
    let me never be put to shame.
2 In your righteousness deliver me and rescue me;
    incline your ear to me and save me.
3 Be to me a rock of refuge,
    a strong fortress[a] to save me,
    for you are my rock and my fortress.

4 Rescue me, O my God, from the hand of the wicked,
    from the grasp of the unjust and cruel.
5 For you, O Lord, are my hope,
    my trust, O Lord, from my youth.
6 From my birth I have leaned upon you,
    my protector since my mother’s womb.[b]
My praise is continually of you.

7 I have been like a portent to many,
    but you are my strong refuge.
8 My mouth is filled with your praise
    and with your glory all day long.
9 Do not cast me off in the time of old age;
    do not forsake me when my strength is spent.
10 For my enemies speak concerning me,
    and those who watch for my life consult together.
11 They say, “Pursue and seize that person
    whom God has forsaken,
    for there is no one to deliver.”

12 O God, do not be far from me;
    O my God, make haste to help me!
13 Let my accusers be put to shame and consumed;
    let those who seek to hurt me
    be covered with scorn and disgrace.
14 But I will hope continually
    and will praise you yet more and more.
15 My mouth will tell of your righteous acts,
    of your deeds of salvation all day long,
    though their number is past my knowledge.
16 I will come praising the mighty deeds of the Lord God;
    I will praise your righteousness, yours alone.

17 O God, from my youth you have taught me,
    and I still proclaim your wondrous deeds.
18 So even to old age and gray hairs,
    O God, do not forsake me,
until I proclaim your might
    to all the generations to come.[c]
Your power 19 and your righteousness, O God,
    reach the high heavens.

You who have done great things,
    O God, who is like you?
20 You who have made me see many troubles and calamities
    will revive me again;
from the depths of the earth
    you will bring me up again.
21 You will increase my honor
    and comfort me once again.

22 I will also praise you with the harp
    for your faithfulness, O my God;
I will sing praises to you with the lyre,
    O Holy One of Israel.
23 My lips will shout for joy
    when I sing praises to you;
    my soul also, which you have rescued.
24 All day long my tongue will talk of your righteous help,
for those who tried to do me harm
    have been put to shame and disgraced.","19 Now there was no smith to be found throughout all the land of Israel, for the Philistines said, “The Hebrews must not make swords or spears for themselves,” 20 so all the Israelites went down to the Philistines to sharpen their plowshares, mattocks, axes, or sickles.[a] 21 The charge was two-thirds of a shekel[b] for the plowshares and for the mattocks and one-third of a shekel for sharpening the axes and for setting the goads.[c] 22 So on the day of the battle neither sword nor spear was to be found in the possession of any of the people with Saul and Jonathan, but Saul and his son Jonathan had them.

Jonathan Surprises and Routs the Philistines
23 Now a garrison of the Philistines had gone out to the pass of Michmash. 14 1 One day Jonathan son of Saul said to the young man who carried his armor, “Come, let us go over to the Philistine garrison on the other side.” But he did not tell his father. 2 Saul was staying in the outskirts of Gibeah under the pomegranate tree that is at Migron; the troops who were with him were about six hundred men, 3 along with Ahijah son of Ahitub, Ichabod’s brother, son of Phinehas son of Eli, the priest of the Lord in Shiloh, carrying an ephod. Now the people did not know that Jonathan had gone. 4 In the pass[d] by which Jonathan tried to go over to the Philistine garrison there was a rocky crag on one side and a rocky crag on the other; the name of the one was Bozez, and the name of the other was Seneh. 5 One crag rose on the north in front of Michmash and the other on the south in front of Geba.

6 Jonathan said to the young man who carried his armor, “Come, let us go over to the garrison of these uncircumcised; it may be that the Lord will act for us, for nothing can hinder the Lord from saving by many or by few.” 7 His armor-bearer said to him, “Do all that your mind inclines to.[e] I am with you; as your mind is, so is mine.”[f] 8 Then Jonathan said, “Now we will cross over to those men and will show ourselves to them. 9 If they say to us, ‘Wait until we come to you,’ then we will stand still in our place, and we will not go up to them. 10 But if they say, ‘Come up to us,’ then we will go up, for the Lord has given them into our hand. That will be the sign for us.” 11 So both of them showed themselves to the garrison of the Philistines, and the Philistines said, “Look, Hebrews are coming out of the holes where they have hidden themselves.” 12 The men of the garrison hailed Jonathan and his armor-bearer, saying, “Come up to us, and we will show you something.” Jonathan said to his armor-bearer, “Come up after me, for the Lord has given them into the hand of Israel.” 13 Then Jonathan climbed up on his hands and feet, with his armor-bearer following after him. The Philistines[g] fell before Jonathan, and his armor-bearer coming after him killed them. 14 In that first attack Jonathan and his armor-bearer killed about twenty men within an area about half a furrow long in an acre[h] of land. 15 There was a panic in the camp, in the field, and among all the people; the garrison and even the raiders trembled; the earth quaked; and it became a very great panic.","The Conversion of Saul
9 Meanwhile Saul, still breathing threats and murder against the disciples of the Lord, went to the high priest 2 and asked him for letters to the synagogues at Damascus, so that if he found any who belonged to the Way, men or women, he might bring them bound to Jerusalem. 3 Now as he was going along and approaching Damascus, suddenly a light from heaven flashed around him. 4 He fell to the ground and heard a voice saying to him, “Saul, Saul, why do you persecute me?” 5 He asked, “Who are you, Lord?” The reply came, “I am Jesus, whom you are persecuting. 6 But get up and enter the city, and you will be told what you are to do.” 7 The men who were traveling with him stood speechless because they heard the voice but saw no one. 8 Saul got up from the ground, and though his eyes were open, he could see nothing;[a] so they led him by the hand and brought him into Damascus. 9 For three days he was without sight and neither ate nor drank.",Psalm 72,Numbers 24:1-13,Luke 23:26-31,"Psalm 72
Prayer for Guidance and Support for the King
Of Solomon.
1 Give the king your justice, O God,
    and your righteousness to a king’s son.
2 May he judge your people with righteousness
    and your poor with justice.
3 May the mountains yield prosperity for the people,
    and the hills, in righteousness.
4 May he defend the cause of the poor of the people,
    give deliverance to the needy,
    and crush the oppressor.

5 May he live[a] while the sun endures
    and as long as the moon, throughout all generations.
6 May he be like rain that falls on the mown grass,
    like showers that water the earth.
7 In his days may righteousness flourish
    and peace abound, until the moon is no more.

8 May he have dominion from sea to sea
    and from the River to the ends of the earth.
9 May his foes[b] bow down before him,
    and his enemies lick the dust.
10 May the kings of Tarshish and of the isles
    render him tribute;
may the kings of Sheba and Seba
    bring gifts.
11 May all kings fall down before him,
    all nations give him service.

12 For he delivers the needy when they call,
    the poor and those who have no helper.
13 He has pity on the weak and the needy
    and saves the lives of the needy.
14 From oppression and violence he redeems their life,
    and precious is their blood in his sight.

15 Long may he live!
    May gold of Sheba be given to him.
May prayer be made for him continually
    and blessings invoked for him all day long.
16 May there be abundance of grain in the land;
    may it wave on the tops of the mountains;
    may its fruit be like Lebanon;
and may people blossom in the cities
    like the grass of the field.
17 May his name endure forever,
    his fame continue as long as the sun.
May all nations be blessed in him;[c]
    may they pronounce him happy.

18 Blessed be the Lord, the God of Israel,
    who alone does wondrous things.
19 Blessed be his glorious name forever;
    may his glory fill the whole earth.
                Amen and Amen.

20 The prayers of David son of Jesse are ended.","Balaam’s Third Oracle
24 Now Balaam saw that it pleased the Lord to bless Israel, so he did not go, as at other times, to look for omens but set his face toward the wilderness. 2 Balaam looked up and saw Israel camping tribe by tribe. Then the spirit of God came upon him, 3 and he uttered his oracle, saying,

“The oracle of Balaam son of Beor,
    the oracle of the man whose eye is clear,[a]
4 the oracle of one who hears the words of God,
    who sees the vision of the Almighty,[b]
    who falls down but with eyes uncovered:
5 How fair are your tents, O Jacob,
    your encampments, O Israel!
6 Like palm groves that stretch far away,
    like gardens beside a river,
like aloes that the Lord has planted,
    like cedar trees beside the waters.
7 Water shall flow from his buckets,
    and his seed shall have abundant water;
his king shall be higher than Agag,
    and his kingdom shall be exalted.
8 God, who brings him out of Egypt,
    is like the horns of a wild ox for him;
he shall devour the nations that are his foes
    and break their bones.
    He shall strike with his arrows.[c]
9 He crouched; he lay down like a lion
    and like a lioness; who will rouse him up?
Blessed is everyone who blesses you,
    and cursed is everyone who curses you.”

10 Then Balak’s anger was kindled against Balaam, and he struck his hands together. Balak said to Balaam, “I summoned you to curse my enemies, but instead you have blessed them these three times. 11 Now be off with you! Go home! I said, ‘I will reward you richly,’ but the Lord has denied you any reward.” 12 And Balaam said to Balak, “Did I not speak to your messengers whom you sent to me, saying, 13 ‘If Balak should give me his house full of silver and gold, I would not be able to go beyond the word of the Lord, to do either good or bad of my own will; what the Lord says, that is what I will say’?","The Crucifixion of Jesus
26 As they led him away, they seized a man, Simon of Cyrene, who was coming from the country, and they laid the cross on him and made him carry it behind Jesus. 27 A great number of the people followed him, and among them were women who were beating their breasts and wailing for him. 28 But Jesus turned to them and said, “Daughters of Jerusalem, do not weep for me, but weep for yourselves and for your children. 29 For the days are surely coming when they will say, ‘Blessed are the barren, and the wombs that never bore, and the breasts that never nursed.’ 30 Then they will begin to say to the mountains, ‘Fall on us,’ and to the hills, ‘Cover us.’ 31 For if they do this when the wood is green, what will happen when it is dry?”","O God of freedom and love, 
you have set us free in Jesus Christ: 
make us servants of the gospel 
for the sake of your reign of love; 
through Jesus Christ our Lord, 
who lives and reigns with you and the Holy Spirit, 
one God, for ever and ever. 
Amen. 
"
5 July 2025,Saturday,Psalm 73,1 Samuel 14:16-30,Acts 9:10-19a,"Psalm 73
Plea for Relief from Oppressors
A Psalm of Asaph.
1 Truly God is good to Israel,
    to those who are pure in heart.
2 But as for me, my feet had almost stumbled;
    my steps had nearly slipped.
3 For I was envious of the arrogant;
    I saw the prosperity of the wicked.

4 For they have no pain;
    their bodies are sound and sleek.
5 They are not in trouble as others are;
    they are not plagued like other people.
6 Therefore pride is their necklace;
    violence covers them like a garment.
7 Their eyes swell out with fatness;
    their hearts overflow with follies.
8 They scoff and speak with malice;
    loftily they threaten oppression.
9 They set their mouths against heaven,
    and their tongues range over the earth.

10 Therefore the people turn and praise them[a]
    and find no fault in them.[b]
11 And they say, “How can God know?
    Is there knowledge in the Most High?”
12 Such are the wicked;
    always at ease, they increase in riches.
13 All in vain I have kept my heart clean
    and washed my hands in innocence.
14 For all day long I have been plagued
    and am punished every morning.

15 If I had said, “I will talk on in this way,”
    I would have been untrue to the circle of your children.
16 But when I thought how to understand this,
    it seemed to me a wearisome task,
17 until I went into the sanctuary of God;
    then I perceived their end.
18 Truly you set them in slippery places;
    you make them fall to ruin.
19 How they are destroyed in a moment,
    swept away utterly by terrors!
20 They are[c] like a dream when one awakes;
    on awaking you despise their phantoms.

21 When my soul was embittered,
    when I was pricked in heart,
22 I was stupid and ignorant;
    I was like a brute beast toward you.
23 Nevertheless, I am continually with you;
    you hold my right hand.
24 You guide me with your counsel,
    and afterward you will receive me with honor.[d]
25 Whom have I in heaven but you?
    And there is nothing on earth that I desire other than you.
26 My flesh and my heart may fail,
    but God is the strength[e] of my heart and my portion forever.

27 Indeed, those who are far from you will perish;
    you put an end to those who are false to you.
28 But for me it is good to be near God;
    I have made the Lord God my refuge,
    to tell of all your works.","16 Saul’s lookouts in Gibeah of Benjamin were watching as the multitude was surging back and forth.[a] 17 Then Saul said to the troops who were with him, “Call the roll and see who has gone from us.” When they called the roll, Jonathan and his armor-bearer were not there. 18 Saul said to Ahijah, “Bring the ark of God here.” For at that time the ark of God went with the Israelites. 19 While Saul was talking to the priest, the tumult in the camp of the Philistines increased more and more, and Saul said to the priest, “Withdraw your hand.” 20 Then Saul and all the people who were with him rallied and went into the battle, and every sword was against the other, so that there was very great confusion. 21 Now the Hebrews who previously had been with the Philistines and had gone up with them into the camp turned and joined the Israelites who were with Saul and Jonathan. 22 Likewise, when all the Israelites who had gone into hiding in the hill country of Ephraim heard that the Philistines were fleeing, they also followed closely after them in the battle. 23 So the Lord gave Israel the victory that day.

The battle passed beyond Beth-aven, and the troops with Saul numbered altogether about ten thousand men.[b] The battle spread out over the hill country of Ephraim.

Saul’s Rash Oath
24 Now Saul committed a very rash act on that day.[c] He had laid an oath on the troops, saying, “Cursed be anyone who eats food before it is evening and I have been avenged on my enemies.” So none of the troops tasted food. 25 All the troops[d] came upon a honeycomb, and there was honey on the ground. 26 When the troops came upon the honeycomb, the honey was dripping out, but they did not put their hands to their mouths, for they feared the oath. 27 But Jonathan had not heard his father charge the troops with the oath, so he extended the staff that was in his hand and dipped the tip of it in the honeycomb and put his hand to his mouth, and his eyes brightened. 28 Then one of the soldiers said, “Your father strictly charged the troops with an oath, saying, ‘Cursed be anyone who eats food this day.’ And so the troops are faint.” 29 Then Jonathan said, “My father has troubled the land; see how my eyes have brightened because I tasted a little of this honey. 30 How much better if today the troops had eaten freely of the spoil taken from their enemies, for now the defeat of the Philistines has not been great.”","10 Now there was a disciple in Damascus named Ananias. The Lord said to him in a vision, “Ananias.” He answered, “Here I am, Lord.” 11 The Lord said to him, “Get up and go to the street called Straight, and at the house of Judas look for a man of Tarsus named Saul. At this moment he is praying, 12 and he has seen in a vision[a] a man named Ananias come in and lay his hands on him so that he might regain his sight.” 13 But Ananias answered, “Lord, I have heard from many about this man, how much evil he has done to your saints in Jerusalem, 14 and here he has authority from the chief priests to bind all who invoke your name.” 15 But the Lord said to him, “Go, for he is an instrument whom I have chosen to bring my name before gentiles and kings and before the people of Israel; 16 I myself will show him how much he must suffer for the sake of my name.” 17 So Ananias went and entered the house. He laid his hands on Saul[b] and said, “Brother Saul, the Lord Jesus, who appeared to you on your way here, has sent me so that you may regain your sight and be filled with the Holy Spirit.” 18 And immediately something like scales fell from his eyes, and his sight was restored. Then he got up and was baptized, 19 and after taking some food, he regained his strength.",Psalm 74,Numbers 24:12-25,Luke 23:32-43,"Psalm 74
Plea for Help in Time of National Humiliation
A Maskil of Asaph.
1 O God, why do you cast us off forever?
    Why does your anger smoke against the sheep of your pasture?
2 Remember your congregation, which you acquired long ago,
    which you redeemed to be the tribe of your heritage.
    Remember Mount Zion, where you came to dwell.
3 Direct your steps to the perpetual ruins;
    the enemy has destroyed everything in the sanctuary.

4 Your foes have roared within your holy place;
    they set up their emblems there.
5 At the upper entrance they hacked
    the wooden trellis with axes.[a]
6 And then, with hatchets and hammers,
    they smashed all its carved work.
7 They set your sanctuary on fire;
    they desecrated the dwelling place of your name,
    bringing it to the ground.
8 They said to themselves, “We will utterly subdue them”;
    they burned all the meeting places of God in the land.

9 We do not see our emblems;
    there is no longer any prophet,
    and there is no one among us who knows how long.
10 How long, O God, is the foe to scoff?
    Is the enemy to revile your name forever?
11 Why do you hold back your hand;
    why do you keep your hand in[b] your bosom?

12 Yet God my King is from of old,
    working salvation in the earth.
13 You divided the sea by your might;
    you broke the heads of the dragons in the waters.
14 You crushed the heads of Leviathan;
    you gave him as food[c] for the creatures of the wilderness.
15 You cut openings for springs and torrents;
    you dried up ever-flowing streams.
16 Yours is the day, yours also the night;
    you established the luminaries[d] and the sun.
17 You have fixed all the bounds of the earth;
    you made summer and winter.

18 Remember this, O Lord, how the enemy scoffs,
    and an impious people reviles your name.
19 Do not deliver the soul of your dove to the wild animals;
    do not forget the life of your poor forever.

20 Have regard for your[e] covenant,
    for the dark places of the land are full of the haunts of violence.
21 Do not let the downtrodden be put to shame;
    let the poor and needy praise your name.
22 Rise up, O God, plead your cause;
    remember how the impious scoff at you all day long.
23 Do not forget the clamor of your foes,
    the uproar of your adversaries that goes up continually.","12 And Balaam said to Balak, “Did I not speak to your messengers whom you sent to me, saying, 13 ‘If Balak should give me his house full of silver and gold, I would not be able to go beyond the word of the Lord, to do either good or bad of my own will; what the Lord says, that is what I will say’? 14 So now, I am going to my people; let me advise you what this people will do to your people in days to come.”

Balaam’s Fourth Oracle
15 So he uttered his oracle, saying,

“The oracle of Balaam son of Beor,
    the oracle of the man whose eye is clear,[a]
16 the oracle of one who hears the words of God
    and knows the knowledge of the Most High,[b]
who sees the vision of the Almighty,[c]
    who falls down but with eyes uncovered:
17 I see him but not now;
    I behold him but not near—
a star shall come out of Jacob,
    and a scepter shall rise out of Israel;
it shall crush the foreheads[d] of Moab
    and the heads[e] of all the Shethites.
18 Edom will become a possession,
    Seir a possession of its enemies,
    while Israel does valiantly.
19 One out of Jacob shall rule
    and destroy the survivors of Ir.”

20 Then he looked on Amalek and uttered his oracle, saying,

“First among the nations was Amalek,
but its end is to perish forever.”

21 Then he looked on the Kenite and uttered his oracle, saying,

“Enduring is your dwelling place,
    and your nest is set in the rock,
22 yet Kain is destined for burning.
    How long shall Asshur take you away captive?”

23 Again he uttered his oracle, saying,

“Alas, who shall live when God does this?[f]
24     But ships shall come from Kittim
and shall afflict Asshur and Eber,
    and he also shall perish forever.”

25 Then Balaam got up and went back to his place, and Balak also went his way.","32 Two others also, who were criminals, were led away to be put to death with him. 33 When they came to the place that is called The Skull, they crucified Jesus[a] there with the criminals, one on his right and one on his left. [[34 Then Jesus said, “Father, forgive them, for they do not know what they are doing.”]][b] And they cast lots to divide his clothing. 35 And the people stood by watching, but the leaders scoffed at him, saying, “He saved others; let him save himself if he is the Messiah[c] of God, his chosen one!” 36 The soldiers also mocked him, coming up and offering him sour wine 37 and saying, “If you are the King of the Jews, save yourself!” 38 There was also an inscription over him,[d] “This is the King of the Jews.”

39 One of the criminals who were hanged there kept deriding[e] him and saying, “Are you not the Messiah?[f] Save yourself and us!” 40 But the other rebuked him, saying, “Do you not fear God, since you are under the same sentence of condemnation? 41 And we indeed have been condemned justly, for we are getting what we deserve for our deeds, but this man has done nothing wrong.” 42 Then he said, “Jesus, remember me when you come in[g] your kingdom.” 43 He replied, “Truly I tell you, today you will be with me in paradise.”","O God of freedom and love, 
you have set us free in Jesus Christ: 
make us servants of the gospel 
for the sake of your reign of love; 
through Jesus Christ our Lord, 
who lives and reigns with you and the Holy Spirit, 
one God, for ever and ever. 
Amen. 
"
6 July 2025,Sunday,Psalm 46,1 Samuel 14:36-46,Romans 5:1-11,"Psalm 46
God’s Defense of His City and People
To the leader. Of the Korahites. According to Alamoth. A Song.
1 God is our refuge and strength,
    a very present[a] help in trouble.
2 Therefore we will not fear, though the earth should change,
    though the mountains shake in the heart of the sea,
3 though its waters roar and foam,
    though the mountains tremble with its tumult. Selah

4 There is a river whose streams make glad the city of God,
    the holy habitation of the Most High.
5 God is in the midst of the city;[b] it shall not be moved;
    God will help it when the morning dawns.
6 The nations are in an uproar; the kingdoms totter;
    he utters his voice; the earth melts.
7 The Lord of hosts is with us;
    the God of Jacob is our refuge.[c] Selah

8 Come, behold the works of the Lord;
    see what desolations he has brought on the earth.
9 He makes wars cease to the end of the earth;
    he breaks the bow and shatters the spear;
    he burns the shields with fire.
10 “Be still, and know that I am God!
    I am exalted among the nations;
    I am exalted in the earth.”
11 The Lord of hosts is with us;
    the God of Jacob is our refuge.[d] Selah","Jonathan in Danger of Death
36 Then Saul said, “Let us go down after the Philistines by night and despoil them until the morning light; let us not leave one of them.” They said, “Do whatever seems good to you.” But the priest said, “Let us draw near to God here.” 37 So Saul inquired of God, “Shall I go down after the Philistines? Will you give them into the hand of Israel?” But he did not answer him that day. 38 Saul said, “Come here, all you leaders of the people, and let us find out how this sin has arisen today. 39 For as the Lord lives who saves Israel, even if it is in my son Jonathan, he shall surely die!” But there was no one among all the people who answered him. 40 He said to all Israel, “You shall be on one side, and I and my son Jonathan will be on the other side.” The people said to Saul, “Do what seems good to you.” 41 Then Saul said, “O Lord God of Israel, why have you not answered your servant today? If this guilt is in me or in my son Jonathan, O Lord God of Israel, give Urim, but if this guilt is in your people Israel,[a] give Thummim.” And Jonathan and Saul were indicated by the lot, but the people were cleared. 42 Then Saul said, “Cast the lot between me and my son Jonathan.” And Jonathan was taken.

43 Then Saul said to Jonathan, “Tell me what you have done.” Jonathan told him, “I tasted a little honey with the tip of the staff that was in my hand; here I am; I will die.” 44 Saul said, “God do so to me and more also; you shall surely die, Jonathan!” 45 Then the people said to Saul, “Shall Jonathan die, who has accomplished this great victory in Israel? Far from it! As the Lord lives, not one hair of his head shall fall to the ground, for he has worked with God today.” So the people ransomed Jonathan, and he did not die. 46 Then Saul withdrew from pursuing the Philistines, and the Philistines went to their own place.","Results of Justification
5 Therefore, since we are justified by faith, we[a] have peace with God through our Lord Jesus Christ, 2 through whom we have obtained access[b] to this grace in which we stand, and we[c] boast in our hope of sharing the glory of God. 3 And not only that, but we[d] also boast in our afflictions, knowing that affliction produces endurance, 4 and endurance produces character, and character produces hope, 5 and hope does not put us to shame, because God’s love has been poured into our hearts through the Holy Spirit that has been given to us.

6 For while we were still weak, at the right time Christ died for the ungodly. 7 Indeed, rarely will anyone die for a righteous person—though perhaps for a good person someone might actually dare to die. 8 But God proves his love for us in that while we still were sinners Christ died for us. 9 Much more surely, therefore, since we have now been justified by his blood, will we be saved through him from the wrath of God.[e] 10 For if while we were enemies we were reconciled to God through the death of his Son, much more surely, having been reconciled, will we be saved by his life. 11 But more than that, we even boast in God through our Lord Jesus Christ, through whom we have now received reconciliation.","Psalms 56,57",Numbers 27:12-23,Matthew 22:1-14,"Psalm 56
Trust in God under Persecution
To the leader: according to The Dove on Far-off Terebinths. Of David. A Miktam, when the Philistines seized him in Gath.
1 Be gracious to me, O God, for people trample on me;
    all day long foes oppress me;
2 my enemies trample on me all day long,
    for many fight against me.
O Most High, 3 when I am afraid,
    I put my trust in you.
4 In God, whose word I praise,
    in God I trust; I am not afraid;
    what can flesh do to me?

5 All day long they seek to injure my cause;
    all their thoughts are against me for evil.
6 They stir up strife; they lurk;
    they watch my steps,
as they hoped to take my life.
7     Do not deliver them for any reason;[a]
    in wrath cast down the peoples, O God!

8 You have kept count of my tossings;
    put my tears in your bottle.
    Are they not in your record?
9 Then my enemies will retreat
    in the day when I call.
    This I know, that[b] God is for me.
10 In God, whose word I praise,
    in the Lord, whose word I praise,
11 in God I trust; I am not afraid.
    What can a mere mortal do to me?

12 My vows to you I must perform, O God;
    I will render thank offerings to you.
13 For you have delivered my soul from death
    and my feet from falling,
so that I may walk before God
    in the light of life.

Psalm 57
Praise and Assurance under Persecution
To the leader: Do Not Destroy. Of David. A Miktam, when he fled from Saul, in the cave.
1 Be merciful to me, O God; be merciful to me,
    for in you my soul takes refuge;
in the shadow of your wings I will take refuge,
    until the destroying storms pass by.
2 I cry to God Most High,
    to God who fulfills his purpose for me.
3 He will send from heaven and save me;
    he will put to shame those who trample on me. Selah
God will send forth his steadfast love and his faithfulness.

4 I lie down among lions
    that greedily devour[c] human prey;
their teeth are spears and arrows,
    their tongues sharp swords.

5 Be exalted, O God, above the heavens.
    Let your glory be over all the earth.

6 They set a net for my steps;
    my soul was bowed down.
They dug a pit in my path,
    but they have fallen into it themselves. Selah
7 My heart is steadfast, O God;
    my heart is steadfast.
I will sing and make melody.
8     Awake, my soul!
Awake, O harp and lyre!
    I will awake the dawn.
9 I will give thanks to you, O Lord, among the peoples;
    I will sing praises to you among the nations.
10 For your steadfast love is as high as the heavens;
    your faithfulness extends to the clouds.

11 Be exalted, O God, above the heavens.
    Let your glory be over all the earth.","Joshua Appointed Moses’s Successor
12 The Lord said to Moses, “Go up this mountain of the Abarim range, and see the land that I have given to the Israelites. 13 When you have seen it, you also shall be gathered to your people, as your brother Aaron was, 14 because you rebelled against my word in the wilderness of Zin when the congregation quarreled with me.[a] You did not show my holiness before their eyes at the waters.” (These are the waters of Meribath-kadesh in the wilderness of Zin.) 15 Moses spoke to the Lord, saying, 16 “Let the Lord, the God of the spirits of all flesh, appoint someone over the congregation 17 who shall go out before them and come in before them, who shall lead them out and bring them in, so that the congregation of the Lord may not be like sheep without a shepherd.” 18 So the Lord said to Moses, “Take Joshua son of Nun, a man in whom is the spirit, and lay your hand upon him; 19 have him stand before Eleazar the priest and all the congregation and commission him in their sight. 20 You shall give him some of your authority, so that all the congregation of the Israelites may obey. 21 But he shall stand before Eleazar the priest, who shall inquire for him by the decision of the Urim before the Lord; at his word they shall go out, and at his word they shall come in, both he and all the Israelites with him, the whole congregation.” 22 So Moses did as the Lord commanded him. He took Joshua and had him stand before Eleazar the priest and the whole congregation; 23 he laid his hands on him and commissioned him, as the Lord had directed through Moses.","The Parable of the Wedding Banquet
22 Once more Jesus spoke to them in parables, saying: 2 “The kingdom of heaven may be compared to a king who gave a wedding banquet for his son. 3 He sent his slaves to call those who had been invited to the wedding banquet, but they would not come. 4 Again he sent other slaves, saying, ‘Tell those who have been invited: Look, I have prepared my dinner, my oxen and my fat calves have been slaughtered, and everything is ready; come to the wedding banquet.’ 5 But they made light of it and went away, one to his farm, another to his business, 6 while the rest seized his slaves, mistreated them, and killed them. 7 The king was enraged. He sent his troops, destroyed those murderers, and burned their city. 8 Then he said to his slaves, ‘The wedding is ready, but those invited were not worthy. 9 Go therefore into the main streets, and invite everyone you find to the wedding banquet.’ 10 Those slaves went out into the streets and gathered all whom they found, both good and bad, so the wedding hall was filled with guests.

11 “But when the king came in to see the guests, he noticed a man there who was not wearing a wedding robe, 12 and he said to him, ‘Friend, how did you get in here without a wedding robe?’ And he was speechless. 13 Then the king said to the attendants, ‘Bind him hand and foot, and throw him into the outer darkness, where there will be weeping and gnashing of teeth.’ 14 For many are called, but few are chosen.”","O God of freedom and love, 
you have set us free in Jesus Christ: 
make us servants of the gospel 
for the sake of your reign of love; 
through Jesus Christ our Lord, 
who lives and reigns with you and the Holy Spirit, 
one God, for ever and ever. 
Amen. 
"
7 July 2025,Monday,"Psalms 75,76",1 Samuel 15:1-23,Acts 9:19b-31,"Psalm 75
Thanksgiving for God’s Wondrous Deeds
To the leader: Do Not Destroy. A Psalm of Asaph. A Song.
1 We give thanks to you, O God;
    we give thanks; your name is near.
People tell of your wondrous deeds.

2 At the set time that I appoint,
    I will judge with equity.
3 When the earth totters, with all its inhabitants,
    it is I who keep its pillars steady. Selah
4 I say to the boastful, “Do not boast,”
    and to the wicked, “Do not lift up your horn;
5 do not lift up your horn on high
    or speak with insolent neck.”

6 For not from the east or from the west
    and not from the wilderness comes lifting up,
7 but it is God who executes judgment,
    putting down one and lifting up another.
8 For in the hand of the Lord there is a cup
    with foaming wine, well mixed;
he will pour a draught from it,
    and all the wicked of the earth
    shall drain it down to the dregs.
9 But I will rejoice[a] forever;
    I will sing praises to the God of Jacob.

10 All the horns of the wicked I will cut off,
    but the horns of the righteous shall be exalted.

Psalm 76
Israel’s God—Judge of All the Earth
To the leader: with stringed instruments. A Psalm of Asaph. A Song.
1 In Judah God is known;
    his name is great in Israel.
2 His abode has been established in Salem,
    his dwelling place in Zion.
3 There he broke the flashing arrows,
    the shield, the sword, and the weapons of war. Selah

4 Glorious are you, more majestic
    than the everlasting mountains.[b]
5 The courageous were stripped of their spoil;
    they sank into sleep;
none of the troops
    was able to lift a hand.
6 At your rebuke, O God of Jacob,
    both rider and horse lay stunned.

7 But you indeed are awesome!
    Who can stand before you
    when your anger is roused?
8 From the heavens you uttered judgment;
    the earth feared and was still
9 when God rose up to establish judgment,
    to save all the oppressed of the earth. Selah

10 Human wrath serves only to praise you,
    when you bind the last bit of your[c] wrath around you.
11 Make vows to the Lord your God and perform them;
    let all who are around him bring gifts
    to the one who is awesome,
12 who cuts off the spirit of princes,
    who inspires fear in the kings of the earth.","Saul Defeats the Amalekites but Spares Their King
15 Samuel said to Saul, “The Lord sent me to anoint you king over his people Israel; now therefore listen to the words of the Lord. 2 Thus says the Lord of hosts: I will punish the Amalekites for what they did in opposing the Israelites when they came up out of Egypt. 3 Now go and attack Amalek and utterly destroy all that they have; do not spare them, but kill both man and woman, child and infant, ox and sheep, camel and donkey.”

4 So Saul summoned the people and numbered them in Telaim, two hundred thousand foot soldiers and ten thousand soldiers of Judah. 5 Saul came to the city of the Amalekites and lay in wait in the valley. 6 Saul said to the Kenites, “Go! Leave! Withdraw from among the Amalekites, or I will destroy you with them, for you showed kindness to all the Israelites when they came up out of Egypt.” So the Kenites withdrew from the Amalekites. 7 Saul defeated the Amalekites, from Havilah as far as Shur, which is east of Egypt. 8 He took King Agag of the Amalekites alive but utterly destroyed all the people with the edge of the sword. 9 Saul and the people spared Agag and the best of the sheep and of the cattle and of the fatted calves,[a] and the lambs, and all that was valuable and would not utterly destroy them; all that was despised and worthless they utterly destroyed.

Saul Rejected as King
10 The word of the Lord came to Samuel: 11 “I regret that I made Saul king, for he has turned back from following me and has not carried out my commands.” Samuel was angry, and he cried out to the Lord all night. 12 Samuel rose early in the morning to meet Saul, and Samuel was told, “Saul went to Carmel, where he set up a monument for himself, and on returning he passed on down to Gilgal.” 13 When Samuel came to Saul, Saul said to him, “May you be blessed by the Lord; I have carried out the command of the Lord.” 14 But Samuel said, “What then is this bleating of sheep in my ears and the lowing of cattle that I hear?” 15 Saul said, “They have brought them from the Amalekites, for the people spared the best of the sheep and the cattle to sacrifice to the Lord your God, but the rest we have utterly destroyed.” 16 Then Samuel said to Saul, “Stop! I will tell you what the Lord said to me last night.” He replied, “Speak.”

17 Samuel said, “Though you are little in your own eyes, are you not the head of the tribes of Israel? The Lord anointed you king over Israel. 18 And the Lord sent you on a mission and said, ‘Go, utterly destroy the sinners, the Amalekites, and fight against them until they are consumed.’ 19 Why then did you not obey the voice of the Lord? Why did you swoop down on the spoil and do what was evil in the sight of the Lord?” 20 Saul said to Samuel, “I have obeyed the voice of the Lord. I have gone on the mission on which the Lord sent me. I have brought Agag the king of Amalek, and I have utterly destroyed the Amalekites. 21 But from the spoil the people took sheep and cattle, the best of the things devoted to destruction, to sacrifice to the Lord your God in Gilgal.” 22 And Samuel said,

“Has the Lord as great delight in burnt offerings and sacrifices
    as in obedience to the voice of the Lord?
Surely, to obey is better than sacrifice
    and to heed than the fat of rams.
23 For rebellion is no less a sin than divination,
    and stubbornness is like iniquity and idolatry.
Because you have rejected the word of the Lord,
    he has also rejected you from being king.”","Saul Preaches in Damascus
For several days he was with the disciples in Damascus, 20 and immediately he began to proclaim Jesus in the synagogues, saying, “He is the Son of God.” 21 All who heard him were amazed and said, “Is not this the man who made havoc in Jerusalem among those who invoked this name? And has he not come here for the purpose of bringing them bound before the chief priests?” 22 Saul became increasingly more powerful and confounded the Jews who lived in Damascus by proving that Jesus[a] was the Messiah.[b]

Saul Escapes from the Jews
23 After some time had passed, the Jews plotted to kill him, 24 but their plot became known to Saul. They were watching the gates day and night so that they might kill him, 25 but his disciples took him by night and let him down through an opening in the wall,[c] lowering him in a basket.

Saul in Jerusalem
26 When he had come to Jerusalem, he attempted to join the disciples, and they were all afraid of him, for they did not believe that he was a disciple. 27 But Barnabas took him, brought him to the apostles, and described for them how on the road he had seen the Lord, who had spoken to him, and how in Damascus he had spoken boldly in the name of Jesus. 28 So he went in and out among them in Jerusalem, speaking boldly in the name of the Lord. 29 He spoke and argued with the Hellenists, but they were attempting to kill him. 30 When the brothers and sisters learned of it, they brought him down to Caesarea and sent him off to Tarsus.

31 Meanwhile the church throughout Judea, Galilee, and Samaria had peace and was built up. Living in the fear of the Lord and in the comfort of the Holy Spirit, it increased in numbers.",Psalm 77,"Numbers 32:1-6,16-27",Luke 23:44-56a,"Psalm 77
God’s Mighty Deeds Recalled
To the leader: according to Jeduthun. Of Asaph. A Psalm.
1 I cry aloud to God,
    aloud to God, that he may hear me.
2 In the day of my trouble I seek the Lord;
    in the night my hand is stretched out without wearying;
    my soul refuses to be comforted.
3 I think of God, and I moan;
    I meditate, and my spirit faints. Selah

4 You keep my eyelids from closing;
    I am so troubled that I cannot speak.
5 I consider the days of old
    and remember the years of long ago.
6 I commune[a] with my heart in the night;
    I meditate and search my spirit:[b]
7 “Will the Lord spurn forever
    and never again be favorable?
8 Has his steadfast love ceased forever?
    Are his promises at an end for all time?
9 Has God forgotten to be gracious?
    Has he in anger shut up his compassion?” Selah
10 And I say, “It is my grief
    that the right hand of the Most High has changed.”

11 I will call to mind the deeds of the Lord;
    I will remember your wonders of old.
12 I will meditate on all your work
    and muse on your mighty deeds.
13 Your way, O God, is holy.
    What god is so great as our God?
14 You are the God who works wonders;
    you have displayed your might among the peoples.
15 With your strong arm you redeemed your people,
    the descendants of Jacob and Joseph. Selah

16 When the waters saw you, O God,
    when the waters saw you, they were afraid;
    the very deep trembled.
17 The clouds poured out water;
    the skies thundered;
    your arrows flashed on every side.
18 The crash of your thunder was in the whirlwind;
    your lightnings lit up the world;
    the earth trembled and shook.
19 Your way was through the sea,
    your path through the mighty waters,
    yet your footprints were unseen.
20 You led your people like a flock
    by the hand of Moses and Aaron.","Conquest and Division of Transjordan
32 Now the Reubenites and the Gadites owned a very great number of cattle. When they saw that the land of Jazer and the land of Gilead was a good place for cattle, 2 the Gadites and the Reubenites came and spoke to Moses, to Eleazar the priest, and to the leaders of the congregation, saying, 3 “Ataroth, Dibon, Jazer, Nimrah, Heshbon, Elealeh, Sebam, Nebo, and Beon— 4 the land that the Lord subdued before the congregation of Israel—is a land for cattle, and your servants have cattle.” 5 They continued, “If we have found favor in your sight, let this land be given to your servants for a possession; do not make us cross the Jordan.”

6 But Moses said to the Gadites and to the Reubenites, “Shall your brothers go to war while you sit here?","The Death of Jesus
44 It was now about noon, and darkness came over the whole land[a] until three in the afternoon, 45 while the sun’s light failed,[b] and the curtain of the temple was torn in two. 46 Then Jesus, crying out with a loud voice, said, “Father, into your hands I commend my spirit.” Having said this, he breathed his last. 47 When the centurion saw what had taken place, he praised God and said, “Certainly this man was innocent.”[c] 48 And when all the crowds who had gathered there for this spectacle saw what had taken place, they returned home, beating their breasts. 49 But all his acquaintances, including the women who had followed him from Galilee, stood at a distance watching these things.

The Burial of Jesus
50 Now there was a good and righteous man named Joseph who, though a member of the council, 51 had not agreed to their plan and action. He came from the Jewish town of Arimathea, and he was waiting expectantly for the kingdom of God. 52 This man went to Pilate and asked for the body of Jesus. 53 Then he took it down, wrapped it in a linen cloth, and laid it in a rock-hewn tomb where no one had ever been laid. 54 It was the day of Preparation, and the Sabbath was beginning.[d] 55 The women who had come with him from Galilee followed, and they saw the tomb and how his body was laid. 56 Then they returned and prepared spices and ointments.","O God of freedom and love, 
you have set us free in Jesus Christ: 
make us servants of the gospel 
for the sake of your reign of love; 
through Jesus Christ our Lord, 
who lives and reigns with you and the Holy Spirit, 
one God, for ever and ever. 
Amen. 
"